insert into furseal.products (product_id, name, price)
values  (1, '英雄製作秘笈', 50000),
        (2, '英雄武器製作秘笈', 30000),
        (3, '稀有製作秘笈', 1200);

insert into furseal.members (member_id, name, salary, guild)
values  (1, '發財金一千', 0, '創奕人'),
        (2, '垃圾韓國人', 0, '創奕人'),
        (3, '南邊魚', 0, '創奕人'),
        (4, '海狗嗷嗷嗷', 0, '讓你受不了');

insert into furseal.bills (bill_id, buyer, deleted, gain_time, gainer, money, status, transaction_time, way, product_id, tax, fee)
values  (1, 4, false, '2022-04-26 10:07:00', 1, 30000, 1, '2022-04-26 13:07:00', '1', 2, 10, 500),
        (2, 4, false, '2022-04-19 12:15:00', 1, 50000, 0, '2022-04-20 12:00:00', '1', 1, 10, 500),
        (3, 2, true, '2022-04-20 12:00:00', 4, 1000, 0, '2022-04-21 16:00:00', '0', 3, 10, 100),
        (4, 2, true, '2022-04-19 12:00:00', 1, 30000, 1, '2022-04-19 12:00:00', '1', 1, 10, 1000),
        (5, 2, true, '2022-04-20 12:00:00', 1, 10000, 0, '2022-04-20 12:00:00', '0', 1, 0, 0),
        (6, 3, true, '2022-04-20 12:00:00', 2, 2000, 2, '2022-04-20 14:00:00', '0', 3, 10, 100),
        (7, 3, true, '2022-04-20 12:00:00', 2, 2000, 2, '2022-04-20 14:00:00', '0', 3, 10, 100),
        (8, 1, true, '2022-04-18 10:07:00', 1, 10000, 1, '2022-04-18 13:07:00', '1', 2, 10, 500),
        (9, 2, true, '2022-04-20 12:00:00', 1, 10000, 1, '2022-04-22 12:10:00', '1', 1, 0, 0),
        (10, 2, true, '2022-04-20 12:00:00', 1, 10000, 1, '2022-04-22 12:10:00', '1', 1, 0, 0),
        (11, 2, true, '2022-04-20 12:00:00', 1, 10000, 1, '2022-04-22 12:10:00', '1', 1, 0, 0),
        (12, 2, true, '2022-04-17 12:00:00', 4, 4000, 3, '2022-04-18 12:00:00', '2', 1, 0, 0),
        (13, 2, true, '2022-04-17 12:00:00', 4, 4000, 3, '2022-04-18 12:00:00', '2', 1, 0, 0),
        (14, 2, true, '2022-04-17 12:00:00', 4, 4000, 3, '2022-04-18 12:00:00', '2', 1, 0, 0),
        (15, 2, false, '2022-04-23 12:00:00', 1, 1000, 0, '2022-04-23 20:00:00', '0', 3, 10, 50),
        (16, 3, false, '2022-04-23 12:00:00', 1, 30000, 1, '2022-04-23 21:00:00', '1', 1, 10, 600);

insert into furseal.bill_member (bill_id, member_id)
values  (7, 2),
        (7, 3),
        (6, 3),
        (6, 2),
        (4, 2),
        (4, 1),
        (5, 2),
        (5, 1),
        (9, 2),
        (9, 4),
        (9, 3),
        (10, 2),
        (10, 4),
        (10, 3),
        (11, 2),
        (11, 4),
        (11, 3),
        (12, 3),
        (12, 1),
        (12, 2),
        (12, 4),
        (13, 3),
        (13, 1),
        (13, 2),
        (13, 4),
        (14, 3),
        (14, 1),
        (14, 2),
        (14, 4),
        (8, 1),
        (15, 1),
        (2, 1),
        (1, 1),
        (16, 3);

insert into furseal.bill_id (next_val)
values  (13);
